experiment,budget,run_num,tau_hat,max_est,calib_tau_hat_miscoverage,calib_tau_target_miscoverage,calib_mean_generated_samples,calib_mean_c_value,test_tau_hat_lpb,test_tau_target_lpb,time_delta
Fixed Budgeting,10,0,0.4677351412871982,inf,0.09120920861817368,0.02453973963452333,0.4561041834271923,0.5502312952534192,1048.4280255417568,172.96269294584945,125.39888286590576
Fixed Budgeting,16,0,0.4677351412871982,inf,0.08550378959891795,0.01640987492499477,0.8375905068382945,1.022375301689461,1048.4280255417568,172.96269294584945,169.8996570110321
Fixed Budgeting,27,0,0.08257216416531944,inf,0.0960752963304955,0.1096724010642389,1.6281174577634754,2.1118262268704746,143.75705163658304,172.96269294584945,221.20818567276
Fixed Budgeting,46,0,0.26550220745609915,inf,0.09910584737050236,0.04150329714545211,3.060890989541432,4.092568382944489,513.2832721604907,172.96269294584945,336.83582615852356
